date,title,detail_url,pdf_url,local_path
"Sep 28, 2026",Master Circular for Debenture Trustees,https://www.sebi.gov.in/legal/master-circulars/sep-2026/master-circular-for-debenture-trustees_104743.html,https://www.sebi.gov.in/sebi_data/attachdocs/sep-2026/1790593347737.pdf,data\full_dataset\sebi\master_circulars\pdf\Master_Circular_for_Debenture_Trustees__4a8ce13a.pdf
"Jul 14, 2026",Master Circular for Merchant Bankers,https://www.sebi.gov.in/legal/master-circulars/jul-2026/master-circular-for-merchant-bankers_102815.html,https://www.sebi.gov.in/sebi_data/attachdocs/jul-2026/1784029390357.pdf,data\full_dataset\sebi\master_circulars\pdf\Master_Circular_for_Merchant_Bankers__e4f871e2.pdf
"Jun 03, 2026",Master Circular for Alternative Investment Funds (AIFs),https://www.sebi.gov.in/legal/master-circulars/jun-2026/master-circular-for-alternative-investment-funds-aifs-_101817.html,https://www.sebi.gov.in/sebi_data/attachdocs/sep-2026/1789554609420.pdf,data\full_dataset\sebi\master_circulars\pdf\Master_Circular_for_Alternative_Investment_Funds__AIFs___ad8253cd.pdf
"May 15, 2026",Master Circular on Surveillance of Securities Market,https://www.sebi.gov.in/legal/master-circulars/may-2026/master-circular-on-surveillance-of-securities-market_101473.html,https://www.sebi.gov.in/sebi_data/attachdocs/may-2026/1778851789798.pdf,data\full_dataset\sebi\master_circulars\pdf\Master_Circular_on_Surveillance_of_Securities_Market__8191b73c.pdf
"Mar 20, 2026",Master Circular for Mutual Funds,https://www.sebi.gov.in/legal/master-circulars/mar-2026/master-circular-for-mutual-funds_100491.html,https://www.sebi.gov.in/sebi_data/attachdocs/mar-2026/1774024028162.pdf,data\full_dataset\sebi\master_circulars\pdf\Master_Circular_for_Mutual_Funds__6402ffa7.pdf
"Feb 09, 2026",Master Circular for Issue of Capital and Disclosure Requirements,https://www.sebi.gov.in/legal/master-circulars/feb-2026/master-circular-for-issue-of-capital-and-disclosure-requirements_99611.html,https://www.sebi.gov.in/sebi_data/attachdocs/feb-2026/1770636136785.pdf,data\full_dataset\sebi\master_circulars\pdf\Master_Circular_for_Issue_of_Capital_and_Disclosure_Requirements__1f6763cd.pdf
"Feb 06, 2026",Master Circular for Research Analysts,https://www.sebi.gov.in/legal/master-circulars/feb-2026/master-circular-for-research-analysts_99571.html,https://www.sebi.gov.in/sebi_data/attachdocs/feb-2026/1770375507051.pdf,data\full_dataset\sebi\master_circulars\pdf\Master_Circular_for_Research_Analysts__a5f6855f.pdf
"Feb 06, 2026",Master Circular for Investment Advisers,https://www.sebi.gov.in/legal/master-circulars/feb-2026/master-circular-for-investment-advisers_99569.html,https://www.sebi.gov.in/sebi_data/attachdocs/feb-2026/1770375291405.pdf,data\full_dataset\sebi\master_circulars\pdf\Master_Circular_for_Investment_Advisers__ab1d6f24.pdf
"Feb 06, 2026",Master Circular for Registrars to an Issue and Share Transfer Agents,https://www.sebi.gov.in/legal/master-circulars/feb-2026/master-circular-for-registrars-to-an-issue-and-share-transfer-agents_99567.html,https://www.sebi.gov.in/sebi_data/attachdocs/feb-2026/1770374720586.pdf,data\full_dataset\sebi\master_circulars\pdf\Master_Circular_for_Registrars_to_an_Issue_and_Share_Transfer_Agents__941c0ead.pdf
"Jan 30, 2026","Master Circular for compliance with the provisions of the Securities and Exchange Board of India (Listing Obligations and Disclosure Requirements) Regulations, 2015 by listed entities",https://www.sebi.gov.in/legal/master-circulars/jan-2026/master-circular-for-compliance-with-the-provisions-of-the-securities-and-exchange-board-of-india-listing-obligations-and-disclosure-requirements-regulations-2015-by-listed-entities_99432.html,https://www.sebi.gov.in/sebi_data/attachdocs/jan-2026/1769776024792.pdf,data\full_dataset\sebi\master_circulars\pdf\Master_Circular_for_compliance_with_the_provisions_of_the_Securities_and_Exchange_Board_of_India__Listing_Obligations_and_Disclosure_Requirements__Reg__fa3b4360.pdf
"Jan 19, 2026",Master Circular for Framework on Social Stock Exchange.,https://www.sebi.gov.in/legal/master-circulars/jan-2026/master-circular-for-framework-on-social-stock-exchange-_99166.html,https://www.sebi.gov.in/sebi_data/attachdocs/jan-2026/1768907353144.pdf,data\full_dataset\sebi\master_circulars\pdf\Master_Circular_for_Framework_on_Social_Stock_Exchange__c74df98e.pdf
"Oct 15, 2025","Master Circular for issue and listing of Non-convertible Securities, Securitised Debt Instruments, Security Receipts, Municipal Debt Securities and Commercial Paper",https://www.sebi.gov.in/legal/master-circulars/oct-2025/master-circular-for-issue-and-listing-of-non-convertible-securities-securitised-debt-instruments-security-receipts-municipal-debt-securities-and-commercial-paper_97343.html,https://www.sebi.gov.in/sebi_data/attachdocs/oct-2025/1760532257519.pdf,data\full_dataset\sebi\master_circulars\pdf\Master_Circular_for_issue_and_listing_of_Non-convertible_Securities__Securitised_Debt_Instruments__Security_Receipts__Municipal_Debt_Securities_and_Co__57a07691.pdf
"Aug 13, 2025",Master Circular for Debenture Trustees (DTs),https://www.sebi.gov.in/legal/master-circulars/aug-2025/master-circular-for-debenture-trustees-dts-_96073.html,https://www.sebi.gov.in/sebi_data/attachdocs/aug-2025/1755087354414.pdf,data\full_dataset\sebi\master_circulars\pdf\Master_Circular_for_Debenture_Trustees__DTs___825c002c.pdf
"Jul 16, 2025",Master Circular for Portfolio Managers,https://www.sebi.gov.in/legal/master-circulars/jul-2025/master-circular-for-portfolio-managers_95347.html,https://www.sebi.gov.in/sebi_data/attachdocs/jul-2025/1752664428748.pdf,data\full_dataset\sebi\master_circulars\pdf\Master_Circular_for_Portfolio_Managers__acb45418.pdf
"Jul 11, 2025",Master Circular for Infrastructure Investment Trusts (InvITs),https://www.sebi.gov.in/legal/master-circulars/jul-2025/master-circular-for-infrastructure-investment-trusts-invits-_95233.html,https://www.sebi.gov.in/sebi_data/attachdocs/jul-2025/1752576381910.pdf,data\full_dataset\sebi\master_circulars\pdf\Master_Circular_for_Infrastructure_Investment_Trusts__InvITs___536b4f57.pdf
"Jul 11, 2025",Master Circular for Real Estate Investment Trusts (REITs),https://www.sebi.gov.in/legal/master-circulars/jul-2025/master-circular-for-real-estate-investment-trusts-reits-_95232.html,https://www.sebi.gov.in/sebi_data/attachdocs/jul-2025/1752236189221.pdf,data\full_dataset\sebi\master_circulars\pdf\Master_Circular_for_Real_Estate_Investment_Trusts__REITs___dd087f99.pdf
"Jul 11, 2025","Master Circular for listing obligations and disclosure requirements for Non-convertible Securities, Securitized Debt Instruments and/ or Commercial Paper",https://www.sebi.gov.in/legal/master-circulars/jul-2025/master-circular-for-listing-obligations-and-disclosure-requirements-for-non-convertible-securities-securitized-debt-instruments-and-or-commercial-paper_95230.html,https://www.sebi.gov.in/sebi_data/attachdocs/jul-2025/1752233667904.pdf,data\full_dataset\sebi\master_circulars\pdf\Master_Circular_for_listing_obligations_and_disclosure_requirements_for_Non-convertible_Securities__Securitized_Debt_Instruments_and__or_Commercial_Pa__d0aed4fb.pdf
"Jul 11, 2025",Master Circular for Credit Rating Agencies (CRAs),https://www.sebi.gov.in/legal/master-circulars/jul-2025/master-circular-for-credit-rating-agencies-cras-_95221.html,https://www.sebi.gov.in/sebi_data/attachdocs/jul-2025/1752231798161.pdf,data\full_dataset\sebi\master_circulars\pdf\Master_Circular_for_Credit_Rating_Agencies__CRAs___4f4d3670.pdf
"Jul 11, 2025",Master Circular for ESG Rating Providers (ERPs),https://www.sebi.gov.in/legal/master-circulars/jul-2025/master-circular-for-esg-rating-providers-erps-_95219.html,https://www.sebi.gov.in/sebi_data/attachdocs/jul-2025/1752231702474.pdf,data\full_dataset\sebi\master_circulars\pdf\Master_Circular_for_ESG_Rating_Providers__ERPs___09a6ba33.pdf
"Jun 27, 2025",Master Circular for Research Analysts,https://www.sebi.gov.in/legal/master-circulars/jun-2025/master-circular-for-research-analysts_94840.html,https://www.sebi.gov.in/sebi_data/attachdocs/jun-2025/1751025804218.pdf,data\full_dataset\sebi\master_circulars\pdf\Master_Circular_for_Research_Analysts__f5912ee8.pdf
"Jun 27, 2025",Master Circular for Investment Advisers,https://www.sebi.gov.in/legal/master-circulars/jun-2025/master-circular-for-investment-advisers_94821.html,https://www.sebi.gov.in/sebi_data/attachdocs/jun-2025/1751022988074.pdf,data\full_dataset\sebi\master_circulars\pdf\Master_Circular_for_Investment_Advisers__d6ccc707.pdf
"Jun 23, 2025",Master Circular for Registrars to an Issue and Share Transfer Agents,https://www.sebi.gov.in/legal/master-circulars/jun-2025/master-circular-for-registrars-to-an-issue-and-share-transfer-agents_94735.html,https://www.sebi.gov.in/sebi_data/attachdocs/jun-2025/1750678372996.pdf,data\full_dataset\sebi\master_circulars\pdf\Master_Circular_for_Registrars_to_an_Issue_and_Share_Transfer_Agents__2d9f7b12.pdf
"Jun 17, 2025",Master Circular for Stock Brokers,https://www.sebi.gov.in/legal/master-circulars/jun-2025/master-circular-for-stock-brokers_94623.html,https://www.sebi.gov.in/sebi_data/attachdocs/jun-2025/1750158789381.pdf,data\full_dataset\sebi\master_circulars\pdf\Master_Circular_for_Stock_Brokers__e268b5a1.pdf
"Dec 30, 2024",Master Circular for Stock Exchanges and Clearing Corporations,https://www.sebi.gov.in/legal/master-circulars/dec-2024/master-circular-for-stock-exchanges-and-clearing-corporations_90353.html,https://www.sebi.gov.in/sebi_data/attachdocs/jan-2025/1736760771912.pdf,data\full_dataset\sebi\master_circulars\pdf\Master_Circular_for_Stock_Exchanges_and_Clearing_Corporations__251ede45.pdf
"Dec 03, 2024",Master Circular for Depositories,https://www.sebi.gov.in/legal/master-circulars/dec-2024/master-circular-for-depositories_89245.html,https://www.sebi.gov.in/sebi_data/attachdocs/dec-2024/1733233982158.pdf,data\full_dataset\sebi\master_circulars\pdf\Master_Circular_for_Depositories__bc113d4f.pdf
"Nov 11, 2024",Master Circular for Issue of Capital and Disclosure Requirements,https://www.sebi.gov.in/legal/master-circulars/nov-2024/master-circular-for-issue-of-capital-and-disclosure-requirements_88398.html,https://www.sebi.gov.in/sebi_data/attachdocs/nov-2024/1731410160186.pdf,data\full_dataset\sebi\master_circulars\pdf\Master_Circular_for_Issue_of_Capital_and_Disclosure_Requirements__dc1b8671.pdf
"Nov 11, 2024","Master circular for compliance with the provisions of the Securities and Exchange Board of India (Listing Obligations and Disclosure Requirements) Regulations, 2015 by listed entities",https://www.sebi.gov.in/legal/master-circulars/nov-2024/master-circular-for-compliance-with-the-provisions-of-the-securities-and-exchange-board-of-india-listing-obligations-and-disclosure-requirements-regulations-2015-by-listed-entities_88388.html,https://www.sebi.gov.in/sebi_data/attachdocs/nov-2024/1731408456573.pdf,data\full_dataset\sebi\master_circulars\pdf\Master_circular_for_compliance_with_the_provisions_of_the_Securities_and_Exchange_Board_of_India__Listing_Obligations_and_Disclosure_Requirements__Reg__10f9ddcf.pdf
"Sep 23, 2024",Master Circular on Surveillance of Securities Market,https://www.sebi.gov.in/legal/master-circulars/sep-2024/master-circular-on-surveillance-of-securities-market_86929.html,https://www.sebi.gov.in/sebi_data/attachdocs/sep-2024/1727094551693.pdf,data\full_dataset\sebi\master_circulars\pdf\Master_Circular_on_Surveillance_of_Securities_Market__38b59625.pdf
"Aug 09, 2024",Master Circular for Stock Brokers,https://www.sebi.gov.in/legal/master-circulars/aug-2024/master-circular-for-stock-brokers_85605.html,https://www.sebi.gov.in/sebi_data/attachdocs/aug-2024/1723438086672.pdf,data\full_dataset\sebi\master_circulars\pdf\Master_Circular_for_Stock_Brokers__a6a30dd4.pdf
"Jul 09, 2024",Master Circular on Surveillance of Securities Market,https://www.sebi.gov.in/legal/master-circulars/jul-2024/master-circular-on-surveillance-of-securities-market_84680.html,https://www.sebi.gov.in/sebi_data/attachdocs/jul-2024/1720528330792.pdf,data\full_dataset\sebi\master_circulars\pdf\Master_Circular_on_Surveillance_of_Securities_Market__07c58941.pdf
"Jun 27, 2024",Master Circular for Mutual Funds,https://www.sebi.gov.in/legal/master-circulars/jun-2024/master-circular-for-mutual-funds_84441.html,https://www.sebi.gov.in/sebi_data/attachdocs/jun-2024/1719488538007.pdf,data\full_dataset\sebi\master_circulars\pdf\Master_Circular_for_Mutual_Funds__c01735fc.pdf
"Jun 24, 2024",Master Circular for Electronic Gold Receipts (EGRs),https://www.sebi.gov.in/legal/master-circulars/jun-2024/master-circular-for-electronic-gold-receipts-egrs-_84369.html,https://www.sebi.gov.in/sebi_data/attachdocs/jun-2024/1719227438473.pdf,data\full_dataset\sebi\master_circulars\pdf\Master_Circular_for_Electronic_Gold_Receipts__EGRs___fedf1d32.pdf
"Jun 07, 2024",Master Circular for Portfolio Managers,https://www.sebi.gov.in/legal/master-circulars/jun-2024/master-circular-for-portfolio-managers_84026.html,https://www.sebi.gov.in/sebi_data/attachdocs/jun-2024/1717762752754.pdf,data\full_dataset\sebi\master_circulars\pdf\Master_Circular_for_Portfolio_Managers__cd9cc00a.pdf
"Jun 06, 2024","Guidelines on Anti-Money Laundering (AML) Standards and Combating the Financing of Terrorism (CFT) /Obligations of Securities Market Intermediaries under the Prevention of Money Laundering Act, 2002 and Rules framed there under.",https://www.sebi.gov.in/legal/master-circulars/jun-2024/guidelines-on-anti-money-laundering-aml-standards-and-combating-the-financing-of-terrorism-cft-obligations-of-securities-market-intermediaries-under-the-prevention-of-money-laundering-act-2002-a-_83942.html,https://www.sebi.gov.in/sebi_data/attachdocs/jun-2024/1717664538363.pdf,data\full_dataset\sebi\master_circulars\pdf\Guidelines_on_Anti-Money_Laundering__AML__Standards_and_Combating_the_Financing_of_Terrorism__CFT___Obligations_of_Securities_Market_Intermediaries_un__450620ca.pdf
"Jun 03, 2024",Master Circular for Bankers to an Issue,https://www.sebi.gov.in/legal/master-circulars/jun-2024/master-circular-for-bankers-to-an-issue_83899.html,https://www.sebi.gov.in/sebi_data/attachdocs/jun-2024/1717415901263.pdf,data\full_dataset\sebi\master_circulars\pdf\Master_Circular_for_Bankers_to_an_Issue__c6681963.pdf
"May 30, 2024","Master Circular for Foreign Portfolio Investors, Designated Depository Participants and Eligible Foreign Investors.",https://www.sebi.gov.in/legal/master-circulars/may-2024/master-circular-for-foreign-portfolio-investors-designated-depository-participants-and-eligible-foreign-investors-_83689.html,https://www.sebi.gov.in/sebi_data/attachdocs/may-2024/1717066343989.pdf,data\full_dataset\sebi\master_circulars\pdf\Master_Circular_for_Foreign_Portfolio_Investors__Designated_Depository_Participants_and_Eligible_Foreign_Investors__e743ea0a.pdf
"May 22, 2024","Master Circular for issue and listing of Non-convertible Securities, Securitised Debt Instruments, Security Receipts, Municipal Debt Securities and Commercial Paper",https://www.sebi.gov.in/legal/master-circulars/may-2024/master-circular-for-issue-and-listing-of-non-convertible-securities-securitised-debt-instruments-security-receipts-municipal-debt-securities-and-commercial-paper_83546.html,https://www.sebi.gov.in/sebi_data/attachdocs/may-2024/1716379377576.pdf,data\full_dataset\sebi\master_circulars\pdf\Master_Circular_for_issue_and_listing_of_Non-convertible_Securities__Securitised_Debt_Instruments__Security_Receipts__Municipal_Debt_Securities_and_Co__00b03a35.pdf
"May 22, 2024",Master Circular for Stock Brokers,https://www.sebi.gov.in/legal/master-circulars/may-2024/master-circular-for-stock-brokers_83521.html,https://www.sebi.gov.in/sebi_data/attachdocs/may-2024/1716371484396.pdf,data\full_dataset\sebi\master_circulars\pdf\Master_Circular_for_Stock_Brokers__f505e33e.pdf
"May 21, 2024",Master Circular for Investment Advisers,https://www.sebi.gov.in/legal/master-circulars/may-2024/master-circular-for-investment-advisers_83488.html,https://www.sebi.gov.in/sebi_data/attachdocs/may-2024/1716290710767.pdf,data\full_dataset\sebi\master_circulars\pdf\Master_Circular_for_Investment_Advisers__8c48b1a1.pdf
"May 21, 2024",Master Circular for Research Analysts,https://www.sebi.gov.in/legal/master-circulars/may-2024/master-circular-for-research-analysts_83487.html,https://www.sebi.gov.in/sebi_data/attachdocs/may-2024/1716290553655.pdf,data\full_dataset\sebi\master_circulars\pdf\Master_Circular_for_Research_Analysts__905187ba.pdf
"May 21, 2024","Master Circular for listing obligations and disclosure requirements for Non-convertible Securities, Securitized Debt Instruments and/ or Commercial Paper",https://www.sebi.gov.in/legal/master-circulars/may-2024/master-circular-for-listing-obligations-and-disclosure-requirements-for-non-convertible-securities-securitized-debt-instruments-and-or-commercial-paper_83481.html,https://www.sebi.gov.in/sebi_data/attachdocs/may-2024/1716288065249.pdf,data\full_dataset\sebi\master_circulars\pdf\Master_Circular_for_listing_obligations_and_disclosure_requirements_for_Non-convertible_Securities__Securitized_Debt_Instruments_and__or_Commercial_Pa__8105944f.pdf
"May 16, 2024",Master Circular for ESG Rating Providers (ERPs),https://www.sebi.gov.in/legal/master-circulars/may-2024/master-circular-for-esg-rating-providers-erps-_83421.html,https://www.sebi.gov.in/sebi_data/attachdocs/may-2024/1715855635985.pdf,data\full_dataset\sebi\master_circulars\pdf\Master_Circular_for_ESG_Rating_Providers__ERPs___cbe5eb1a.pdf
"May 16, 2024",Master Circular for Debenture Trustees (DTs),https://www.sebi.gov.in/legal/master-circulars/may-2024/master-circular-for-debenture-trustees-dts-_83419.html,https://www.sebi.gov.in/sebi_data/attachdocs/may-2024/1715922862264.pdf,data\full_dataset\sebi\master_circulars\pdf\Master_Circular_for_Debenture_Trustees__DTs___11a9ea00.pdf
"May 16, 2024",Master Circular for Credit Rating Agencies (CRAs),https://www.sebi.gov.in/legal/master-circulars/may-2024/master-circular-for-credit-rating-agencies-cras-_83417.html,https://www.sebi.gov.in/sebi_data/attachdocs/sep-2024/1727347354955.pdf,data\full_dataset\sebi\master_circulars\pdf\Master_Circular_for_Credit_Rating_Agencies__CRAs___aa414130.pdf
"May 15, 2024",Master Circular for Real Estate Investment Trusts (REITs) (Updated),https://www.sebi.gov.in/legal/master-circulars/may-2024/master-circular-for-real-estate-investment-trusts-reits-updated-_88507.html,https://www.sebi.gov.in/sebi_data/attachdocs/nov-2024/1731580754747.pdf,data\full_dataset\sebi\master_circulars\pdf\Master_Circular_for_Real_Estate_Investment_Trusts__REITs___Updated___c2c5e3fa.pdf
"May 15, 2024",Master Circular for Infrastructure Investment Trusts (InvITs) (Updated),https://www.sebi.gov.in/legal/master-circulars/may-2024/master-circular-for-infrastructure-investment-trusts-invits-updated-_88505.html,https://www.sebi.gov.in/sebi_data/attachdocs/nov-2024/1731580625738.pdf,data\full_dataset\sebi\master_circulars\pdf\Master_Circular_for_Infrastructure_Investment_Trusts__InvITs___Updated___efd965f0.pdf
"May 15, 2024",Master Circular for Infrastructure Investment Trusts (InvITs),https://www.sebi.gov.in/legal/master-circulars/may-2024/master-circular-for-infrastructure-investment-trusts-invits-_83376.html,https://www.sebi.gov.in/sebi_data/attachdocs/may-2024/1715773721724.pdf,data\full_dataset\sebi\master_circulars\pdf\Master_Circular_for_Infrastructure_Investment_Trusts__InvITs___62b5f4f4.pdf
"May 15, 2024",Master Circular for Real Estate Investment Trusts (REITs),https://www.sebi.gov.in/legal/master-circulars/may-2024/master-circular-for-real-estate-investment-trusts-reits-_83375.html,https://www.sebi.gov.in/sebi_data/attachdocs/may-2024/1715773328683.pdf,data\full_dataset\sebi\master_circulars\pdf\Master_Circular_for_Real_Estate_Investment_Trusts__REITs___d381ac22.pdf
"May 10, 2024",Master Circular for Custodians,https://www.sebi.gov.in/legal/master-circulars/may-2024/master-circular-for-custodians_83305.html,https://www.sebi.gov.in/sebi_data/attachdocs/may-2024/1715353322049.pdf,data\full_dataset\sebi\master_circulars\pdf\Master_Circular_for_Custodians__bb1b1963.pdf
"May 07, 2024",Master Circular for Registrars to an Issue and Share Transfer Agents,https://www.sebi.gov.in/legal/master-circulars/may-2024/master-circular-for-registrars-to-an-issue-and-share-transfer-agents_83226.html,https://www.sebi.gov.in/sebi_data/attachdocs/may-2024/1715081550397.pdf,data\full_dataset\sebi\master_circulars\pdf\Master_Circular_for_Registrars_to_an_Issue_and_Share_Transfer_Agents__accf5eb9.pdf
"Dec 28, 2023",Master Circular for Online Resolution of Disputes in the Indian  Securities Market,https://www.sebi.gov.in/legal/master-circulars/dec-2023/master-circular-for-online-resolution-of-disputes-in-the-indian-securities-market_80236.html,https://www.sebi.gov.in/sebi_data/attachdocs/dec-2023/1703763993735.pdf,data\full_dataset\sebi\master_circulars\pdf\Master_Circular_for_Online_Resolution_of_Disputes_in_the_Indian_Securities_Market__40e68a22.pdf
"Oct 16, 2023",Master Circular for Stock Exchanges and Clearing Corporations,https://www.sebi.gov.in/legal/master-circulars/oct-2023/master-circular-for-stock-exchanges-and-clearing-corporations_78047.html,https://www.sebi.gov.in/sebi_data/attachdocs/oct-2023/1697460193802.pdf,data\full_dataset\sebi\master_circulars\pdf\Master_Circular_for_Stock_Exchanges_and_Clearing_Corporations__81520351.pdf
"Oct 12, 2023",Master Circular on Know Your Client (KYC) norms for the securities market,https://www.sebi.gov.in/legal/master-circulars/oct-2023/master-circular-on-know-your-client-kyc-norms-for-the-securities-market_77945.html,https://www.sebi.gov.in/sebi_data/attachdocs/oct-2023/1697120943335.pdf,data\full_dataset\sebi\master_circulars\pdf\Master_Circular_on_Know_Your_Client__KYC__norms_for_the_securities_market__d1c3acb3.pdf
"Oct 06, 2023",Master Circular for Depositories,https://www.sebi.gov.in/legal/master-circulars/oct-2023/master-circular-for-depositories_77789.html,https://www.sebi.gov.in/sebi_data/attachdocs/oct-2023/1696831738330.pdf,data\full_dataset\sebi\master_circulars\pdf\Master_Circular_for_Depositories__aa002c51.pdf
"Aug 11, 2023",Online Resolution of Disputes in the Indian Securities Market,https://www.sebi.gov.in/legal/master-circulars/aug-2023/online-resolution-of-disputes-in-the-indian-securities-market_75220.html,https://www.sebi.gov.in/sebi_data/attachdocs/aug-2023/1691751968746.pdf,data\full_dataset\sebi\master_circulars\pdf\Online_Resolution_of_Disputes_in_the_Indian_Securities_Market__6ebbc406.pdf
"Aug 04, 2023",Master Circular for Commodity Derivatives Segment,https://www.sebi.gov.in/legal/master-circulars/aug-2023/master-circular-for-commodity-derivatives-segment_74974.html,https://www.sebi.gov.in/sebi_data/attachdocs/aug-2023/1691151096694.pdf,data\full_dataset\sebi\master_circulars\pdf\Master_Circular_for_Commodity_Derivatives_Segment__dff1615b.pdf
"Jul 12, 2023",Master Circular for ESG Rating Providers (ERPs),https://www.sebi.gov.in/legal/master-circulars/jul-2023/master-circular-for-esg-rating-providers-erps-_73856.html,https://www.sebi.gov.in/sebi_data/attachdocs/jul-2023/1689164906428.pdf,data\full_dataset\sebi\master_circulars\pdf\Master_Circular_for_ESG_Rating_Providers__ERPs___4b993393.pdf
"Jul 11, 2023","Master circular for compliance with the provisions of the Securities and Exchange Board of India (Listing Obligations and Disclosure Requirements) Regulations, 2015 by listed entities",https://www.sebi.gov.in/legal/master-circulars/jul-2023/master-circular-for-compliance-with-the-provisions-of-the-securities-and-exchange-board-of-india-listing-obligations-and-disclosure-requirements-regulations-2015-by-listed-entities_73795.html,https://www.sebi.gov.in/sebi_data/attachdocs/jul-2023/1689087475880.pdf,data\full_dataset\sebi\master_circulars\pdf\Master_circular_for_compliance_with_the_provisions_of_the_Securities_and_Exchange_Board_of_India__Listing_Obligations_and_Disclosure_Requirements__Reg__8fe4d5e2.pdf
"Jul 07, 2023","Master Circular for issue and listing of Non-convertible Securities, Securitised Debt Instruments, Security Receipts, Municipal Debt Securities and Commercial Paper",https://www.sebi.gov.in/legal/master-circulars/jul-2023/master-circular-for-issue-and-listing-of-non-convertible-securities-securitised-debt-instruments-security-receipts-municipal-debt-securities-and-commercial-paper_73653.html,https://www.sebi.gov.in/sebi_data/attachdocs/jul-2023/1688812243903.pdf,data\full_dataset\sebi\master_circulars\pdf\Master_Circular_for_issue_and_listing_of_Non-convertible_Securities__Securitised_Debt_Instruments__Security_Receipts__Municipal_Debt_Securities_and_Co__8927a6ef.pdf
"Jul 06, 2023",Master Circular for Infrastructure Investment Trusts (InvITs),https://www.sebi.gov.in/legal/master-circulars/jul-2023/master-circular-for-infrastructure-investment-trusts-invits-_73587.html,https://www.sebi.gov.in/sebi_data/attachdocs/jul-2023/1688646532701.pdf,data\full_dataset\sebi\master_circulars\pdf\Master_Circular_for_Infrastructure_Investment_Trusts__InvITs___2cb62f7b.pdf
"Jul 06, 2023",Master Circular for Real Estate Investment Trusts (REITs),https://www.sebi.gov.in/legal/master-circulars/jul-2023/master-circular-for-real-estate-investment-trusts-reits-_73585.html,https://www.sebi.gov.in/sebi_data/attachdocs/jul-2023/1688646484925.pdf,data\full_dataset\sebi\master_circulars\pdf\Master_Circular_for_Real_Estate_Investment_Trusts__REITs___1e207c05.pdf
"Jul 06, 2023",Master Circular for Debenture Trustees,https://www.sebi.gov.in/legal/master-circulars/jul-2023/master-circular-for-debenture-trustees_73584.html,https://www.sebi.gov.in/sebi_data/attachdocs/jul-2023/1688645565035.pdf,data\full_dataset\sebi\master_circulars\pdf\Master_Circular_for_Debenture_Trustees__880456e4.pdf
"Jul 04, 2023",Master Circular for Credit Rating Agencies,https://www.sebi.gov.in/legal/master-circulars/jul-2023/master-circular-for-credit-rating-agencies_73416.html,https://www.sebi.gov.in/sebi_data/attachdocs/jul-2023/1688447359788.pdf,data\full_dataset\sebi\master_circulars\pdf\Master_Circular_for_Credit_Rating_Agencies__701b4d05.pdf
"Jun 30, 2023","Master Circular for listing obligations and disclosure requirements for Non-convertible Securities, Securitized Debt Instruments and/ or Commercial Paper",https://www.sebi.gov.in/legal/master-circulars/jun-2023/master-circular-for-listing-obligations-and-disclosure-requirements-for-non-convertible-securities-securitized-debt-instruments-and-or-commercial-paper_73347.html,https://www.sebi.gov.in/sebi_data/attachdocs/jul-2023/1688198222283.pdf,data\full_dataset\sebi\master_circulars\pdf\Master_Circular_for_listing_obligations_and_disclosure_requirements_for_Non-convertible_Securities_Securitized_Debt_Instruments_and_or_Commercial_Pape__6b96f2e7.pdf
"Jun 21, 2023",Master Circular for Issue of Capital and Disclosure Requirements,https://www.sebi.gov.in/legal/master-circulars/jun-2023/master-circular-for-issue-of-capital-and-disclosure-requirements_72905.html,https://www.sebi.gov.in/sebi_data/attachdocs/jun-2023/1687349460944.pdf,data\full_dataset\sebi\master_circulars\pdf\Master_Circular_for_Issue_of_Capital_and_Disclosure_Requirements__7eea3a77.pdf
"Jun 20, 2023",Master Circular on Scheme of Arrangement,https://www.sebi.gov.in/legal/master-circulars/jun-2023/master-circular-on-scheme-of-arrangement_72839.html,https://www.sebi.gov.in/sebi_data/attachdocs/jun-2023/1687260636239.pdf,data\full_dataset\sebi\master_circulars\pdf\Master_Circular_on_Scheme_of_Arrangement__99f669b0.pdf
"Jun 15, 2023",Master Circular for Investment Advisers,https://www.sebi.gov.in/legal/master-circulars/jun-2023/master-circular-for-investment-advisers_72614.html,https://www.sebi.gov.in/sebi_data/attachdocs/jun-2023/1686832202054.pdf,data\full_dataset\sebi\master_circulars\pdf\Master_Circular_for_Investment_Advisers__32fbdb29.pdf
"Jun 15, 2023",Master Circular for Research Analysts,https://www.sebi.gov.in/legal/master-circulars/jun-2023/master-circular-for-research-analysts_72612.html,https://www.sebi.gov.in/sebi_data/attachdocs/jun-2023/1686832133465.pdf,data\full_dataset\sebi\master_circulars\pdf\Master_Circular_for_Research_Analysts__fca77222.pdf
"Jun 01, 2023",Master Circular on Electronic Gold Receipts (EGR),https://www.sebi.gov.in/legal/master-circulars/jun-2023/master-circular-on-electronic-gold-receipts-egr-_72195.html,https://www.sebi.gov.in/sebi_data/attachdocs/jun-2023/1685624187186.pdf,data\full_dataset\sebi\master_circulars\pdf\Master_Circular_on_Electronic_Gold_Receipts__EGR___563413a4.pdf
"May 19, 2023",Master Circular for Mutual Funds,https://www.sebi.gov.in/legal/master-circulars/may-2023/master-circular-for-mutual-funds_71438.html,https://www.sebi.gov.in/sebi_data/attachdocs/may-2023/1684994020653.pdf,data\full_dataset\sebi\master_circulars\pdf\Master_Circular_for_Mutual_Funds__65889f60.pdf
"May 17, 2023",Master Circular for Registrars to an Issue and Share Transfer Agents,https://www.sebi.gov.in/legal/master-circulars/may-2023/master-circular-for-registrars-to-an-issue-and-share-transfer-agents_71271.html,https://www.sebi.gov.in/sebi_data/attachdocs/may-2023/1684323597553.pdf,data\full_dataset\sebi\master_circulars\pdf\Master_Circular_for_Registrars_to_an_Issue_and_Share_Transfer_Agents__340d0c4d.pdf
"May 17, 2023",Master Circular for Stock Brokers,https://www.sebi.gov.in/legal/master-circulars/may-2023/master-circular-for-stock-brokers_71265.html,https://www.sebi.gov.in/sebi_data/attachdocs/may-2023/1684323080627.pdf,data\full_dataset\sebi\master_circulars\pdf\Master_Circular_for_Stock_Brokers__a601729d.pdf
"Apr 27, 2023",Master Circular for Custodians,https://www.sebi.gov.in/legal/master-circulars/apr-2023/master-circular-for-custodians_70613.html,https://www.sebi.gov.in/sebi_data/attachdocs/apr-2023/1682590624880.pdf,data\full_dataset\sebi\master_circulars\pdf\Master_Circular_for_Custodians__9d49967f.pdf
"Mar 23, 2023",Master Circular on Surveillance of Securities Market,https://www.sebi.gov.in/legal/master-circulars/mar-2023/master-circular-on-surveillance-of-securities-market_69244.html,https://www.sebi.gov.in/sebi_data/attachdocs/mar-2023/1679564277323.pdf,data\full_dataset\sebi\master_circulars\pdf\Master_Circular_on_Surveillance_of_Securities_Market__0ab3ac97.pdf
"Mar 20, 2023",Master Circular for Portfolio Managers,https://www.sebi.gov.in/legal/master-circulars/mar-2023/master-circular-for-portfolio-managers_69155.html,https://www.sebi.gov.in/sebi_data/attachdocs/apr-2023/1680688275651.pdf,data\full_dataset\sebi\master_circulars\pdf\Master_Circular_for_Portfolio_Managers__2a156927.pdf
"Mar 03, 2023",Master Circular for Foreign Venture Capital Investors (FVCIs),https://www.sebi.gov.in/legal/master-circulars/mar-2023/master-circular-for-foreign-venture-capital-investors-fvcis-_68650.html,https://www.sebi.gov.in/sebi_data/attachdocs/mar-2023/1677841935138.pdf,data\full_dataset\sebi\master_circulars\pdf\Master_Circular_for_Foreign_Venture_Capital_Investors__FVCIs___5bf7a731.pdf
"Feb 16, 2023",Master Circular for Substantial Acquisition of Shares and Takeovers,https://www.sebi.gov.in/legal/master-circulars/feb-2023/master-circular-for-substantial-acquisition-of-shares-and-takeovers_68091.html,https://www.sebi.gov.in/sebi_data/attachdocs/feb-2023/1676547585359.pdf,data\full_dataset\sebi\master_circulars\pdf\Master_Circular_for_Substantial_Acquisition_of_Shares_and_Takeovers__f4a1299d.pdf
"Feb 03, 2023","Guidelines on Anti-Money Laundering (AML) Standards and Combating the Financing of Terrorism (CFT) /Obligations of Securities Market Intermediaries under the Prevention of Money Laundering Act, 2002 and Rules framed there under",https://www.sebi.gov.in/legal/master-circulars/feb-2023/guidelines-on-anti-money-laundering-aml-standards-and-combating-the-financing-of-terrorism-cft-obligations-of-securities-market-intermediaries-under-the-prevention-of-money-laundering-act-2002-a-_67833.html,https://www.sebi.gov.in/sebi_data/attachdocs/jul-2023/1690461040921.pdf,data\full_dataset\sebi\master_circulars\pdf\Guidelines_on_Anti-Money_Laundering__AML__Standards_and_Combating_the_Financing_of_Terrorism__CFT___Obligations_of_Securities_Market_Intermediaries_un__ff6e7790.pdf
"Dec 19, 2022","Master Circular for Foreign Portfolio Investors, Designated Depository Participants and Eligible Foreign Investors",https://www.sebi.gov.in/legal/master-circulars/dec-2022/master-circular-for-foreign-portfolio-investors-designated-depository-participants-and-eligible-foreign-investors_66356.html,https://www.sebi.gov.in/sebi_data/attachdocs/dec-2022/1671519646467.pdf,data\full_dataset\sebi\master_circulars\pdf\Master_Circular_for_Foreign_Portfolio_Investors__Designated_Depository_Participants_and_Eligible_Foreign_Investors__751ee9fc.pdf
"Nov 07, 2022",Master Circular on issuance of No Objection Certificate (NOC) for release of 1% of Issue Amount,https://www.sebi.gov.in/legal/master-circulars/nov-2022/master-circular-on-issuance-of-no-objection-certificate-noc-for-release-of-1-of-issue-amount_64744.html,https://www.sebi.gov.in/sebi_data/attachdocs/nov-2022/1667823476708.PDF,data\full_dataset\sebi\master_circulars\pdf\Master_Circular_on_issuance_of_No_Objection_Certificate__NOC__for_release_of_1__of_Issue_Amount__773dff8d.pdf
"Nov 07, 2022",Master Circular on the redressal of investor grievances through the SEBI Complaints Redress System (SCORES) platform,https://www.sebi.gov.in/legal/master-circulars/nov-2022/master-circular-on-the-redressal-of-investor-grievances-through-the-sebi-complaints-redress-system-scores-platform_64742.html,https://www.sebi.gov.in/sebi_data/attachdocs/nov-2022/1667823350700.PDF,data\full_dataset\sebi\master_circulars\pdf\Master_Circular_on_the_redressal_of_investor_grievances_through_the_SEBI_Complaints_Redress_System__SCORES__platform__78a729d8.pdf
"May 17, 2022",Master Circular for Commodity Derivatives Market,https://www.sebi.gov.in/legal/master-circulars/may-2022/master-circular-for-commodity-derivatives-market_58937.html,https://www.sebi.gov.in/sebi_data/attachdocs/may-2022/1652782686834.pdf,data\full_dataset\sebi\master_circulars\pdf\Master_Circular_for_Commodity_Derivatives_Market__8d1e6a13.pdf
"Apr 26, 2022",Master Circular for Real Estate Investment Trusts (REITs),https://www.sebi.gov.in/legal/master-circulars/apr-2022/master-circular-for-real-estate-investment-trusts-reits-_58396.html,https://www.sebi.gov.in/sebi_data/attachdocs/apr-2022/1650973904450.pdf,data\full_dataset\sebi\master_circulars\pdf\Master_Circular_for_Real_Estate_Investment_Trusts__REITs___11969a54.pdf
"Apr 26, 2022",Master Circular for Infrastructure Investment Trusts (InvITs),https://www.sebi.gov.in/legal/master-circulars/apr-2022/master-circular-for-infrastructure-investment-trusts-invits-_58394.html,https://www.sebi.gov.in/sebi_data/attachdocs/apr-2022/1650973859343.pdf,data\full_dataset\sebi\master_circulars\pdf\Master_Circular_for_Infrastructure_Investment_Trusts__InvITs___cc968f0e.pdf
"Nov 30, 2021",Master Circular for Infrastructure Investment Trusts (InvITs),https://www.sebi.gov.in/legal/master-circulars/nov-2021/master-circular-for-infrastructure-investment-trusts-invits-_54302.html,,data\full_dataset\sebi\master_circulars\html_fallback\Master_Circular_for_Infrastructure_Investment_Trusts__InvITs_.txt
"Nov 30, 2021",Master Circular for Real Estate Investment Trusts (REITs),https://www.sebi.gov.in/legal/master-circulars/nov-2021/master-circular-for-real-estate-investment-trusts-reits-_54300.html,,data\full_dataset\sebi\master_circulars\html_fallback\Master_Circular_for_Real_Estate_Investment_Trusts__REITs_.txt
"Nov 23, 2021",Master Circular on Scheme of Arrangement,https://www.sebi.gov.in/legal/master-circulars/nov-2021/master-circular-on-scheme-of-arrangement_54132.html,,data\full_dataset\sebi\master_circulars\html_fallback\Master_Circular_on_Scheme_of_Arrangement.txt
"Jul 05, 2021",Master Circular for Stock Exchanges and Clearing Corporations,https://www.sebi.gov.in/legal/master-circulars/jul-2021/master-circular-for-stock-exchanges-and-clearing-corporations_50914.html,,data\full_dataset\sebi\master_circulars\html_fallback\Master_Circular_for_Stock_Exchanges_and_Clearing_Corporations.txt
"Jul 01, 2021",Master Circular for Commodity Derivatives Market,https://www.sebi.gov.in/legal/master-circulars/jul-2021/master-circular-for-commodity-derivatives-market_50869.html,,data\full_dataset\sebi\master_circulars\html_fallback\Master_Circular_for_Commodity_Derivatives_Market.txt
"Mar 01, 2021",Master Circular on Surveillance of Securities Market,https://www.sebi.gov.in/legal/master-circulars/mar-2021/master-circular-on-surveillance-of-securities-market_49354.html,,data\full_dataset\sebi\master_circulars\html_fallback\Master_Circular_on_Surveillance_of_Securities_Market.txt
"Feb 05, 2021",Master Circular for Depositories,https://www.sebi.gov.in/legal/master-circulars/feb-2021/master-circular-for-depositories_49029.html,,data\full_dataset\sebi\master_circulars\html_fallback\Master_Circular_for_Depositories.txt
"Dec 22, 2020","Master Circular on (i) Scheme of Arrangement by Listed Entities and (ii) Relaxation under Sub-rule (7) of rule 19 of the Securities Contracts (Regulation) Rules, 1957",https://www.sebi.gov.in/legal/master-circulars/dec-2020/master-circular-on-i-scheme-of-arrangement-by-listed-entities-and-ii-relaxation-under-sub-rule-7-of-rule-19-of-the-securities-contracts-regulation-rules-1957_48531.html,,data\full_dataset\sebi\master_circulars\html_fallback\Master_Circular_on__i__Scheme_of_Arrangement_by_Listed_Entities_and__ii__Relaxation_under_Sub-rule__7__of_rule_19_of_the_Securities_Contracts__Regulat.txt
"Aug 24, 2020",Master Circular for Mutual Funds,https://www.sebi.gov.in/legal/master-circulars/aug-2020/master-circular-for-mutual-funds_47382.html,,data\full_dataset\sebi\master_circulars\html_fallback\Master_Circular_for_Mutual_Funds.txt
"Jul 10, 2020",Master Circular for Commodity Derivatives Market,https://www.sebi.gov.in/legal/master-circulars/jul-2020/master-circular-for-commodity-derivatives-market_47045.html,,data\full_dataset\sebi\master_circulars\html_fallback\Master_Circular_for_Commodity_Derivatives_Market.txt
"Oct 25, 2019",Master Circular for Stock Exchanges and Clearing Corporations,https://www.sebi.gov.in/legal/master-circulars/oct-2019/master-circular-for-stock-exchanges-and-clearing-corporations_44781.html,,data\full_dataset\sebi\master_circulars\html_fallback\Master_Circular_for_Stock_Exchanges_and_Clearing_Corporations.txt
"Oct 25, 2019",Master Circular for Depositories,https://www.sebi.gov.in/legal/master-circulars/oct-2019/master-circular-for-depositories_44773.html,,data\full_dataset\sebi\master_circulars\html_fallback\Master_Circular_for_Depositories.txt
"Oct 15, 2019","Guidelines on Anti-Money Laundering (AML) Standards and Combating the Financing of Terrorism (CFT) /Obligations of Securities Market Intermediaries under the Prevention of Money Laundering Act, 2002 and Rules framed there under",https://www.sebi.gov.in/legal/master-circulars/oct-2019/guidelines-on-anti-money-laundering-aml-standards-and-combating-the-financing-of-terrorism-cft-obligations-of-securities-market-intermediaries-under-the-prevention-of-money-laundering-act-2002-a-_44657.html,https://www.sebi.gov.in/sebi_data/attachdocs/oct-2019/1571139662984.pdf,data\full_dataset\sebi\master_circulars\pdf\Guidelines_on_Anti-Money_Laundering__AML__Standards_and_Combating_the_Financing_of_Terrorism__CFT___Obligations_of_Securities_Market_Intermediaries_un__912e1bcd.pdf
"Sep 07, 2018",Master Circular for Commodity Derivatives Market,https://www.sebi.gov.in/legal/master-circulars/sep-2018/master-circular-for-commodity-derivatives-market_40276.html,,data\full_dataset\sebi\master_circulars\html_fallback\Master_Circular_for_Commodity_Derivatives_Market.txt
"Jul 10, 2018",Master Circular for Mutual Funds,https://www.sebi.gov.in/legal/master-circulars/jul-2018/master-circular-for-mutual-funds_39491.html,,data\full_dataset\sebi\master_circulars\html_fallback\Master_Circular_for_Mutual_Funds.txt
"Jul 04, 2018","Guidelines on Anti-Money Laundering (AML) Standards and Combating the Financing of Terrorism (CFT) /Obligations of Securities Market Intermediaries under the Prevention of Money Laundering Act, 2002 and Rules framed there under",https://www.sebi.gov.in/legal/master-circulars/jul-2018/guidelines-on-anti-money-laundering-aml-standards-and-combating-the-financing-of-terrorism-cft-obligations-of-securities-market-intermediaries-under-the-prevention-of-money-laundering-act-2002-a-_39431.html,https://www.sebi.gov.in/sebi_data/attachdocs/jul-2018/1530683670247.pdf,data\full_dataset\sebi\master_circulars\pdf\Guidelines_on_Anti-Money_Laundering__AML__Standards_and_Combating_the_Financing_of_Terrorism__CFT___Obligations_of_Securities_Market_Intermediaries_un__d9de4c1e.pdf
"Jun 01, 2018",Master Circular for Stock Brokers,https://www.sebi.gov.in/legal/master-circulars/jun-2018/master-circular-for-stock-brokers_39166.html,,data\full_dataset\sebi\master_circulars\html_fallback\Master_Circular_for_Stock_Brokers.txt
"May 11, 2018",Master Circular for Underwriters,https://www.sebi.gov.in/legal/master-circulars/may-2018/master-circular-for-underwriters_38907.html,,data\full_dataset\sebi\master_circulars\html_fallback\Master_Circular_for_Underwriters.txt
"May 02, 2018",Master Circular for Credit Rating Agencies,https://www.sebi.gov.in/legal/master-circulars/may-2018/master-circular-for-credit-rating-agencies_38832.html,,data\full_dataset\sebi\master_circulars\html_fallback\Master_Circular_for_Credit_Rating_Agencies.txt
"Apr 09, 2018",Master Circular for Debenture Trustees (DTs),https://www.sebi.gov.in/legal/master-circulars/apr-2018/master-circular-for-debenture-trustees-dts-_38608.html,,data\full_dataset\sebi\master_circulars\html_fallback\Master_Circular_for_Debenture_Trustees__DTs_.txt
"Dec 16, 2016",Master Circular for Stock Exchange and Clearing Corporation,https://www.sebi.gov.in/legal/master-circulars/dec-2016/master-circular-for-stock-exchange-and-clearing-corporation_33797.html,,data\full_dataset\sebi\master_circulars\html_fallback\Master_Circular_for_Stock_Exchange_and_Clearing_Corporation.txt
"Dec 15, 2016",Master Circular for Depositories,https://www.sebi.gov.in/legal/master-circulars/dec-2016/master-circular-for-depositories_33796.html,,data\full_dataset\sebi\master_circulars\html_fallback\Master_Circular_for_Depositories.txt
"Sep 14, 2016",Master Circular for Mutual Funds,https://www.sebi.gov.in/legal/master-circulars/sep-2016/master-circular-for-mutual-funds_33225.html,,data\full_dataset\sebi\master_circulars\html_fallback\Master_Circular_for_Mutual_Funds.txt
"May 26, 2015",Master Circular for Stock Exchange and Clearing Corporation,https://www.sebi.gov.in/legal/master-circulars/may-2015/master-circular-for-stock-exchange-and-clearing-corporation_29849.html,,data\full_dataset\sebi\master_circulars\html_fallback\Master_Circular_for_Stock_Exchange_and_Clearing_Corporation.txt
"May 07, 2015",Master Circular for Depositories,https://www.sebi.gov.in/legal/master-circulars/may-2015/master-circular-for-depositories_29760.html,,data\full_dataset\sebi\master_circulars\html_fallback\Master_Circular_for_Depositories.txt
"Oct 01, 2014",Master Circular for Mutual Funds,https://www.sebi.gov.in/legal/master-circulars/oct-2014/master-circular-for-mutual-funds_28132.html,,data\full_dataset\sebi\master_circulars\html_fallback\Master_Circular_for_Mutual_Funds.txt
"May 20, 2014",Master Circular for Stock Exchanges - 2014,https://www.sebi.gov.in/legal/master-circulars/may-2014/master-circular-for-stock-exchanges-2014_26924.html,,data\full_dataset\sebi\master_circulars\html_fallback\Master_Circular_for_Stock_Exchanges_-_2014.txt
"Apr 07, 2014",Master Circular for Depositories,https://www.sebi.gov.in/legal/master-circulars/apr-2014/master-circular-for-depositories_26632.html,,data\full_dataset\sebi\master_circulars\html_fallback\Master_Circular_for_Depositories.txt
"Sep 11, 2013",Master Circular for Mutual Funds,https://www.sebi.gov.in/legal/master-circulars/sep-2013/master-circular-for-mutual-funds_25349.html,,data\full_dataset\sebi\master_circulars\html_fallback\Master_Circular_for_Mutual_Funds.txt
"Apr 17, 2013",Master Circular for Stock Exchange - Cash Market,https://www.sebi.gov.in/legal/master-circulars/apr-2013/master-circular-for-stock-exchange-cash-market_24630.html,,data\full_dataset\sebi\master_circulars\html_fallback\Master_Circular_for_Stock_Exchange_-_Cash_Market.txt
"Apr 15, 2013",Master Circular for Depositories,https://www.sebi.gov.in/legal/master-circulars/apr-2013/master-circular-for-depositories_24618.html,,data\full_dataset\sebi\master_circulars\html_fallback\Master_Circular_for_Depositories.txt
"Apr 01, 2013",Master Circular on Matters relating to Exchange Traded Derivatives,https://www.sebi.gov.in/legal/master-circulars/apr-2013/master-circular-on-matters-relating-to-exchange-traded-derivatives_24548.html,,data\full_dataset\sebi\master_circulars\html_fallback\Master_Circular_on_Matters_relating_to_Exchange_Traded_Derivatives.txt
"May 11, 2012",Master Circular for Mutual Funds,https://www.sebi.gov.in/legal/master-circulars/may-2012/master-circular-for-mutual-funds_22774.html,,data\full_dataset\sebi\master_circulars\html_fallback\Master_Circular_for_Mutual_Funds.txt
"Apr 13, 2012",Master Circular for Depositories,https://www.sebi.gov.in/legal/master-circulars/apr-2012/master-circular-for-depositories_22553.html,,data\full_dataset\sebi\master_circulars\html_fallback\Master_Circular_for_Depositories.txt
"Apr 13, 2012",Master Circular for Stock Exchanges / Cash Market,https://www.sebi.gov.in/legal/master-circulars/apr-2012/master-circular-for-stock-exchanges-cash-market_22556.html,,data\full_dataset\sebi\master_circulars\html_fallback\Master_Circular_for_Stock_Exchanges___Cash_Market.txt
"Jan 02, 2012",Master Circular on Matters relating to Exchange Traded Derivatives,https://www.sebi.gov.in/legal/master-circulars/jan-2012/master-circular-on-matters-relating-to-exchange-traded-derivatives_21895.html,,data\full_dataset\sebi\master_circulars\html_fallback\Master_Circular_on_Matters_relating_to_Exchange_Traded_Derivatives.txt
"Jan 07, 2011",Master Circular for Mutual Funds,https://www.sebi.gov.in/legal/master-circulars/jan-2011/master-circular-for-mutual-funds_14415.html,,data\full_dataset\sebi\master_circulars\html_fallback\Master_Circular_for_Mutual_Funds.txt
"Dec 31, 2010",AML/CFT- Master Circular,https://www.sebi.gov.in/legal/master-circulars/dec-2010/aml-cft-master-circular_14421.html,,data\full_dataset\sebi\master_circulars\html_fallback\AML_CFT-_Master_Circular.txt
"Dec 31, 2010",Master Circular for Depositories,https://www.sebi.gov.in/legal/master-circulars/dec-2010/master-circular-for-depositories_14419.html,,data\full_dataset\sebi\master_circulars\html_fallback\Master_Circular_for_Depositories.txt
"Dec 31, 2010",Master circular for Exchange Traded Derivatives,https://www.sebi.gov.in/legal/master-circulars/dec-2010/master-circular-for-exchange-traded-derivatives_14416.html,,data\full_dataset\sebi\master_circulars\html_fallback\Master_circular_for_Exchange_Traded_Derivatives.txt
"Dec 31, 2010",Master Circular for Stock Exchange - Cash Market,https://www.sebi.gov.in/legal/master-circulars/dec-2010/master-circular-for-stock-exchange-cash-market_14418.html,,data\full_dataset\sebi\master_circulars\html_fallback\Master_Circular_for_Stock_Exchange_-_Cash_Market.txt
"Dec 31, 2010",Master Circular for Stock Exchanges and Depositories,https://www.sebi.gov.in/legal/master-circulars/dec-2010/master-circular-for-stock-exchanges-and-depositories_14417.html,,data\full_dataset\sebi\master_circulars\html_fallback\Master_Circular_for_Stock_Exchanges_and_Depositories.txt
"Dec 31, 2010","Master Circular on Administration of Stock Exchanges, Arbitration in recognised Stock Exchanges and Stock Exchanges / trading platform for Small & Medium Enterprises including guidelines for Market Makers",https://www.sebi.gov.in/legal/master-circulars/dec-2010/master-circular-on-administration-of-stock-exchanges-arbitration-in-recognised-stock-exchanges-and-stock-exchanges-trading-platform-for-small-and-medium-enterprises-including-guidelines-for-market-ma-_14420.html,https://www.sebi.gov.in/sebi_data/attachdocs/1295933281760.pdf,data\full_dataset\sebi\master_circulars\pdf\Master_Circular_on_Administration_of_Stock_Exchanges__Arbitration_in_recognised_Stock_Exchanges_and_Stock_Exchanges___trading_platform_for_Small___Med__cd9240f4.pdf
"Apr 06, 2010",Master Circular for Depositories,https://www.sebi.gov.in/legal/master-circulars/apr-2010/master-circular-for-depositories_1729.html,,data\full_dataset\sebi\master_circulars\html_fallback\Master_Circular_for_Depositories.txt
"Apr 06, 2010",Master Circular for Stock Exchange - Cash Market,https://www.sebi.gov.in/legal/master-circulars/apr-2010/master-circular-for-stock-exchange-cash-market_1929.html,https://www.sebi.gov.in/sebi_data/commondocs/anncir1_p.pdf,data\full_dataset\sebi\master_circulars\pdf\Master_Circular_for_Stock_Exchange_-_Cash_Market__20568e44.pdf
"Apr 06, 2010","Master Circular on Allotment of codes to Stock Exchanges, Subsidiary management by Stock Exchanges, Governance of recognised Stock Exchanges and Arbitration in recognised Stock Exchanges",https://www.sebi.gov.in/legal/master-circulars/apr-2010/master-circular-on-allotment-of-codes-to-stock-exchanges-subsidiary-management-by-stock-exchanges-governance-of-recognised-stock-exchanges-and-arbitration-in-recognised-stock-exchanges_1730.html,https://www.sebi.gov.in/sebi_data/attachdocs/1288241642407.pdf,data\full_dataset\sebi\master_circulars\pdf\Master_Circular_on_Allotment_of_codes_to_Stock_Exchanges__Subsidiary_management_by_Stock_Exchanges__Governance_of_recognised_Stock_Exchanges_and_Arbit__926569e5.pdf
"Mar 17, 2010",Master Circular on Oversight of Members (Stock Brokers/Trading Members/Clearing Members of any Segment of Stock Exchanges and Clearing Corporations),https://www.sebi.gov.in/legal/master-circulars/mar-2010/master-circular-on-oversight-of-members-stock-brokers-trading-members-clearing-members-of-any-segment-of-stock-exchanges-and-clearing-corporations-_2039.html,,data\full_dataset\sebi\master_circulars\html_fallback\Master_Circular_on_Oversight_of_Members__Stock_Brokers_Trading_Members_Clearing_Members_of_any_Segment_of_Stock_Exchanges_and_Clearing_Corporations_.txt
"Feb 12, 2010",Master Circular on Anti-Money Laundering (AML) and Combating Financing of Terrorism (CFT) Standards,https://www.sebi.gov.in/legal/master-circulars/feb-2010/master-circular-on-anti-money-laundering-aml-and-combating-financing-of-terrorism-cft-standards_2492.html,,data\full_dataset\sebi\master_circulars\html_fallback\Master_Circular_on_Anti-Money_Laundering__AML__and_Combating_Financing_of_Terrorism__CFT__Standards.txt
"Jan 01, 2010",Master Circular-Mutual Funds,https://www.sebi.gov.in/legal/master-circulars/jan-2010/master-circular-mutual-funds_2699.html,,data\full_dataset\sebi\master_circulars\html_fallback\Master_Circular-Mutual_Funds.txt
"Dec 19, 2008",Master Circular on Anti Money Laundering and Combating Financing of Terrorism (AML and CFT) Standards-,https://www.sebi.gov.in/legal/master-circulars/dec-2008/master-circular-on-anti-money-laundering-and-combating-financing-of-terrorism-aml-and-cft-standards-a-href-http-www-sebi-gov-in-cms-sebi-data-commondocs-isdcir0108-p-pdf-target-blank-pdf-a-_6847.html,https://www.sebi.gov.in/sebi_data/commondocs/isdcir0108_p.pdf,data\full_dataset\sebi\master_circulars\pdf\Master_Circular_on_Anti_Money_Laundering_and_Combating_Financing_of_Terrorism__AML_and_CFT__Standards-__5d760fe9.pdf
